[{"success":true,"timeout":false,"failed_images":[],"failed_audio":[],"failed_video":[],"trial_type":"preload","trial_index":0,"time_elapsed":23,"internal_node_id":"0.0-0.0","browser_name":"Chrome","browser_type":"130.0","subject":"cg_u1hzly9","interaction":"[{\"event\":\"fullscreenenter\",\"trial\":2,\"time\":1814},{\"event\":\"fullscreenexit\",\"trial\":30,\"time\":160168},{\"event\":\"blur\",\"trial\":31,\"time\":162244},{\"event\":\"focus\",\"trial\":31,\"time\":162415}]","windowWidth":1710,"windowHight":1107},{"rt":1207,"response":{"Q0":"d"},"trial_type":"survey-text","trial_index":1,"time_elapsed":1240,"internal_node_id":"0.0-1.0","browser_name":"Chrome","browser_type":"130.0","subject":"cg_u1hzly9","interaction":"[{\"event\":\"fullscreenenter\",\"trial\":2,\"time\":1814},{\"event\":\"fullscreenexit\",\"trial\":30,\"time\":160168},{\"event\":\"blur\",\"trial\":31,\"time\":162244},{\"event\":\"focus\",\"trial\":31,\"time\":162415}]","windowWidth":1710,"windowHight":1107},{"success":true,"rt":554,"trial_type":"fullscreen","trial_index":2,"time_elapsed":2799,"internal_node_id":"0.0-2.0","browser_name":"Chrome","browser_type":"130.0","subject":"cg_u1hzly9","interaction":"[{\"event\":\"fullscreenenter\",\"trial\":2,\"time\":1814},{\"event\":\"fullscreenexit\",\"trial\":30,\"time\":160168},{\"event\":\"blur\",\"trial\":31,\"time\":162244},{\"event\":\"focus\",\"trial\":31,\"time\":162415}]","windowWidth":1710,"windowHight":1107},{"rt":675,"stimulus":"<div> <font size=120%; font color = 'green';>Calibration & Validation </font><br/>\n                                             <br><br/>\n                Before we begin with the study, we need to turn on and adjust your webcam for eye-tracking.   <br/>\n                \n                There are two parts to this process. The first part is calibration and the second part is validation.<br/>\n                <br><br/>\n                During calibration, you will see a series of dots like this <span id=\"calibration_dot_instruction\"></span> appear on the screen, each for 2 seconds. <br/>\n                Your task is simply to stare directly at each dot until it disappears.<br/>\n                Then, quickly move your eyes to the next dot and repeat.<br/>\n                <br><br/>\n                Validation is basically the same as calibration. You simply need to stare at each dot until it disappears.<br/>\n                <br><br/>\n                When you are ready, press the <b>SPACE BAR</b> to continue. </div>","response":" ","trial_type":"html-keyboard-response","trial_index":3,"time_elapsed":3477,"internal_node_id":"0.0-3.0","browser_name":"Chrome","browser_type":"130.0","subject":"cg_u1hzly9","interaction":"[{\"event\":\"fullscreenenter\",\"trial\":2,\"time\":1814},{\"event\":\"fullscreenexit\",\"trial\":30,\"time\":160168},{\"event\":\"blur\",\"trial\":31,\"time\":162244},{\"event\":\"focus\",\"trial\":31,\"time\":162415}]","windowWidth":1710,"windowHight":1107},{"rt":629,"stimulus":"<div><font size=120%; font color = 'green';> Calibration & Validation</font><br/>\n                                                                          <br><br/>\n             <font size = 5px font color = \"darkred\">There are several <b>IMPORTANT</b> tips that are useful for passing the calibration task:<br/></font>\n             <img height=\"200px\" width=\"1000px\" src=\"img/instruct1.png\"><br/>\n             <br><br/>\n             <div style=\"text-align-last:left\">\n            In addition to the tips in the figure: <br/>\n            (1). Use your eyes to look around the screen and try to avoid moving your head. <br/>\n            (2). Try to keep lights in front of you rather than behind you so that the webcam can clearly see your face. Avoid sitting with a window behind you. <br/>\n            (3). After you have made these adjustments, check again that your face fits nicely within the box on the video feed and that the box is green. <br/>\n            </div>\n             <br><br/>\n            <br><br/>\n             <font size=5px; >When you are ready, press the <b>SPACE BAR</b> to continue </font></div>","response":" ","trial_type":"html-keyboard-response","trial_index":4,"time_elapsed":4609,"internal_node_id":"0.0-4.0","browser_name":"Chrome","browser_type":"130.0","subject":"cg_u1hzly9","interaction":"[{\"event\":\"fullscreenenter\",\"trial\":2,\"time\":1814},{\"event\":\"fullscreenexit\",\"trial\":30,\"time\":160168},{\"event\":\"blur\",\"trial\":31,\"time\":162244},{\"event\":\"focus\",\"trial\":31,\"time\":162415}]","windowWidth":1710,"windowHight":1107},{"rt":1811,"stimulus":"<div>        It may take up to 30 seconds for the camera to initialize. <br/>\n                <br><br/>\n                When you are ready, press the <b>SPACE BAR</b> to bring up the video feed.  </div>","response":" ","trial_type":"html-keyboard-response","trial_index":5,"time_elapsed":6927,"internal_node_id":"0.0-5.0","browser_name":"Chrome","browser_type":"130.0","subject":"cg_u1hzly9","interaction":"[{\"event\":\"fullscreenenter\",\"trial\":2,\"time\":1814},{\"event\":\"fullscreenexit\",\"trial\":30,\"time\":160168},{\"event\":\"blur\",\"trial\":31,\"time\":162244},{\"event\":\"focus\",\"trial\":31,\"time\":162415}]","windowWidth":1710,"windowHight":1107},{"load_time":1622,"trial_type":"webgazer-init-camera","trial_index":6,"time_elapsed":12971,"internal_node_id":"0.0-6.0","browser_name":"Chrome","browser_type":"130.0","subject":"cg_u1hzly9","interaction":"[{\"event\":\"fullscreenenter\",\"trial\":2,\"time\":1814},{\"event\":\"fullscreenexit\",\"trial\":30,\"time\":160168},{\"event\":\"blur\",\"trial\":31,\"time\":162244},{\"event\":\"focus\",\"trial\":31,\"time\":162415}]","windowWidth":1710,"windowHight":1107},{"trial_type":"webgazer-calibrate","trial_index":7,"time_elapsed":40111,"internal_node_id":"0.0-7.0","browser_name":"Chrome","browser_type":"130.0","subject":"cg_u1hzly9","interaction":"[{\"event\":\"fullscreenenter\",\"trial\":2,\"time\":1814},{\"event\":\"fullscreenexit\",\"trial\":30,\"time\":160168},{\"event\":\"blur\",\"trial\":31,\"time\":162244},{\"event\":\"focus\",\"trial\":31,\"time\":162415}]","windowWidth":1710,"windowHight":1107},{"rt":3284,"stimulus":"<div>  Now we'll measure the accuracy of the calibration. <br/>\n    <br><br/>\n    When you are ready, press the <b>SPACE BAR</b> to begin the validation. </div>","response":" ","trial_type":"html-keyboard-response","trial_index":8,"time_elapsed":43396,"internal_node_id":"0.0-8.0","browser_name":"Chrome","browser_type":"130.0","subject":"cg_u1hzly9","interaction":"[{\"event\":\"fullscreenenter\",\"trial\":2,\"time\":1814},{\"event\":\"fullscreenexit\",\"trial\":30,\"time\":160168},{\"event\":\"blur\",\"trial\":31,\"time\":162244},{\"event\":\"focus\",\"trial\":31,\"time\":162415}]","windowWidth":1710,"windowHight":1107},{"raw_gaze":[[{"x":350,"y":237,"dx":-18,"dy":-2.796875,"t":935},{"x":397,"y":230,"dx":29,"dy":-9.796875,"t":1021},{"x":366,"y":249,"dx":-2,"dy":9.203125,"t":1108},{"x":312,"y":212,"dx":-56,"dy":-27.796875,"t":1156},{"x":267,"y":195,"dx":-101,"dy":-44.796875,"t":1249},{"x":313,"y":219,"dx":-55,"dy":-20.796875,"t":1311},{"x":369,"y":224,"dx":1,"dy":-15.796875,"t":1390},{"x":392,"y":208,"dx":24,"dy":-31.796875,"t":1438},{"x":367,"y":235,"dx":-1,"dy":-4.796875,"t":1525},{"x":378,"y":245,"dx":10,"dy":5.203125,"t":1583},{"x":414,"y":226,"dx":46,"dy":-13.796875,"t":1665},{"x":465,"y":198,"dx":97,"dy":-41.796875,"t":1754},{"x":397,"y":166,"dx":29,"dy":-73.796875,"t":1801},{"x":320,"y":151,"dx":-48,"dy":-88.796875,"t":1893},{"x":307,"y":150,"dx":-61,"dy":-89.796875,"t":1952},{"x":365,"y":180,"dx":-3,"dy":-59.796875,"t":2034},{"x":375,"y":206,"dx":7,"dy":-33.796875,"t":2077},{"x":350,"y":226,"dx":-18,"dy":-13.796875,"t":2164},{"x":339,"y":286,"dx":-29,"dy":46.203125,"t":2221},{"x":383,"y":258,"dx":15,"dy":18.203125,"t":2301},{"x":403,"y":247,"dx":35,"dy":7.203125,"t":2352},{"x":400,"y":224,"dx":32,"dy":-15.796875,"t":2445},{"x":465,"y":220,"dx":97,"dy":-19.796875,"t":2506},{"x":531,"y":269,"dx":163,"dy":29.203125,"t":2587},{"x":489,"y":257,"dx":121,"dy":17.203125,"t":2671},{"x":396,"y":270,"dx":28,"dy":30.203125,"t":2716},{"x":394,"y":269,"dx":26,"dy":29.203125,"t":2776},{"x":370,"y":260,"dx":2,"dy":20.203125,"t":2855},{"x":295,"y":259,"dx":-73,"dy":19.203125,"t":2939},{"x":325,"y":283,"dx":-43,"dy":43.203125,"t":2984},{"x":434,"y":345,"dx":66,"dy":105.203125,"t":3075},{"x":402,"y":287,"dx":34,"dy":47.203125,"t":3120},{"x":455,"y":306,"dx":87,"dy":66.203125,"t":3190},{"x":409,"y":236,"dx":41,"dy":-3.796875,"t":3255},{"x":417,"y":242,"dx":49,"dy":2.203125,"t":3326},{"x":460,"y":272,"dx":92,"dy":32.203125,"t":3366},{"x":467,"y":278,"dx":99,"dy":38.203125,"t":3452},{"x":478,"y":277,"dx":110,"dy":37.203125,"t":3520}],[{"x":450,"y":872,"dx":82,"dy":-9.1953125,"t":4553},{"x":461,"y":871,"dx":93,"dy":-10.1953125,"t":4596},{"x":458,"y":874,"dx":90,"dy":-7.1953125,"t":4650},{"x":321,"y":870,"dx":-47,"dy":-11.1953125,"t":4745},{"x":337,"y":856,"dx":-31,"dy":-25.1953125,"t":4827},{"x":442,"y":841,"dx":74,"dy":-40.1953125,"t":4908},{"x":499,"y":874,"dx":131,"dy":-7.1953125,"t":4989},{"x":535,"y":846,"dx":167,"dy":-35.1953125,"t":5075},{"x":589,"y":820,"dx":221,"dy":-61.1953125,"t":5160},{"x":514,"y":810,"dx":146,"dy":-71.1953125,"t":5247},{"x":568,"y":804,"dx":200,"dy":-77.1953125,"t":5335},{"x":534,"y":843,"dx":166,"dy":-38.1953125,"t":5406},{"x":467,"y":821,"dx":99,"dy":-60.1953125,"t":5503},{"x":379,"y":875,"dx":11,"dy":-6.1953125,"t":5587},{"x":466,"y":864,"dx":98,"dy":-17.1953125,"t":5670},{"x":416,"y":853,"dx":48,"dy":-28.1953125,"t":5752},{"x":485,"y":838,"dx":117,"dy":-43.1953125,"t":5836},{"x":474,"y":846,"dx":106,"dy":-35.1953125,"t":5919},{"x":488,"y":876,"dx":120,"dy":-5.1953125,"t":5999},{"x":387,"y":852,"dx":19,"dy":-29.1953125,"t":6079},{"x":434,"y":824,"dx":66,"dy":-57.1953125,"t":6163},{"x":409,"y":787,"dx":41,"dy":-94.1953125,"t":6240},{"x":352,"y":874,"dx":-16,"dy":-7.1953125,"t":6319},{"x":286,"y":874,"dx":-82,"dy":-7.1953125,"t":6399},{"x":374,"y":882,"dx":6,"dy":0.8046875,"t":6481},{"x":442,"y":909,"dx":74,"dy":27.8046875,"t":6565},{"x":441,"y":899,"dx":73,"dy":17.8046875,"t":6646},{"x":398,"y":883,"dx":30,"dy":1.8046875,"t":6704},{"x":311,"y":859,"dx":-57,"dy":-22.1953125,"t":6782},{"x":268,"y":880,"dx":-100,"dy":-1.1953125,"t":6821},{"x":248,"y":883,"dx":-120,"dy":1.8046875,"t":6877},{"x":214,"y":858,"dx":-154,"dy":-23.1953125,"t":6944},{"x":241,"y":813,"dx":-127,"dy":-68.1953125,"t":7024},{"x":349,"y":813,"dx":-19,"dy":-68.1953125,"t":7109}],[{"x":1407,"y":185,"dx":13,"dy":-54.796875,"t":8135},{"x":1275,"y":205,"dx":-119,"dy":-34.796875,"t":8218},{"x":1296,"y":309,"dx":-98,"dy":69.203125,"t":8302},{"x":1287,"y":341,"dx":-107,"dy":101.203125,"t":8386},{"x":1154,"y":542,"dx":-240,"dy":302.203125,"t":8470},{"x":1231,"y":512,"dx":-163,"dy":272.203125,"t":8553},{"x":1374,"y":389,"dx":-20,"dy":149.203125,"t":8632},{"x":1389,"y":221,"dx":-5,"dy":-18.796875,"t":8710},{"x":1325,"y":184,"dx":-69,"dy":-55.796875,"t":8780},{"x":1132,"y":171,"dx":-262,"dy":-68.796875,"t":8861},{"x":1326,"y":198,"dx":-68,"dy":-41.796875,"t":8915},{"x":1279,"y":157,"dx":-115,"dy":-82.796875,"t":8992},{"x":1283,"y":182,"dx":-111,"dy":-57.796875,"t":9034},{"x":1376,"y":211,"dx":-18,"dy":-28.796875,"t":9122},{"x":1388,"y":236,"dx":-6,"dy":-3.796875,"t":9208},{"x":1360,"y":247,"dx":-34,"dy":7.203125,"t":9265},{"x":1405,"y":260,"dx":11,"dy":20.203125,"t":9343},{"x":1342,"y":271,"dx":-52,"dy":31.203125,"t":9387},{"x":1381,"y":222,"dx":-13,"dy":-17.796875,"t":9475},{"x":1355,"y":283,"dx":-39,"dy":43.203125,"t":9534},{"x":1379,"y":287,"dx":-15,"dy":47.203125,"t":9615},{"x":1430,"y":307,"dx":36,"dy":67.203125,"t":9666},{"x":1439,"y":313,"dx":45,"dy":73.203125,"t":9756},{"x":1488,"y":283,"dx":94,"dy":43.203125,"t":9799},{"x":1452,"y":280,"dx":58,"dy":40.203125,"t":9856},{"x":1455,"y":255,"dx":61,"dy":15.203125,"t":9916},{"x":1420,"y":238,"dx":26,"dy":-1.796875,"t":9995},{"x":1383,"y":249,"dx":-11,"dy":9.203125,"t":10078},{"x":1283,"y":279,"dx":-111,"dy":39.203125,"t":10122},{"x":1311,"y":274,"dx":-83,"dy":34.203125,"t":10214},{"x":1352,"y":268,"dx":-42,"dy":28.203125,"t":10275},{"x":1373,"y":272,"dx":-21,"dy":32.203125,"t":10351},{"x":1342,"y":280,"dx":-52,"dy":40.203125,"t":10419},{"x":1356,"y":277,"dx":-38,"dy":37.203125,"t":10487},{"x":1385,"y":293,"dx":-9,"dy":53.203125,"t":10573},{"x":1398,"y":271,"dx":4,"dy":31.203125,"t":10659}],[{"x":829,"y":611,"dx":-52,"dy":50.5,"t":11695},{"x":853,"y":630,"dx":-28,"dy":69.5,"t":11779},{"x":906,"y":654,"dx":25,"dy":93.5,"t":11862},{"x":948,"y":639,"dx":67,"dy":78.5,"t":11946},{"x":945,"y":667,"dx":64,"dy":106.5,"t":12030},{"x":898,"y":680,"dx":17,"dy":119.5,"t":12114},{"x":827,"y":622,"dx":-54,"dy":61.5,"t":12200},{"x":941,"y":632,"dx":60,"dy":71.5,"t":12285},{"x":914,"y":564,"dx":33,"dy":3.5,"t":12371},{"x":985,"y":588,"dx":104,"dy":27.5,"t":12456},{"x":936,"y":581,"dx":55,"dy":20.5,"t":12541},{"x":919,"y":623,"dx":38,"dy":62.5,"t":12626},{"x":898,"y":615,"dx":17,"dy":54.5,"t":12698},{"x":779,"y":653,"dx":-102,"dy":92.5,"t":12754},{"x":753,"y":644,"dx":-128,"dy":83.5,"t":12831},{"x":780,"y":648,"dx":-101,"dy":87.5,"t":12875},{"x":832,"y":655,"dx":-49,"dy":94.5,"t":12961},{"x":865,"y":634,"dx":-16,"dy":73.5,"t":13046},{"x":853,"y":607,"dx":-28,"dy":46.5,"t":13103},{"x":855,"y":590,"dx":-26,"dy":29.5,"t":13185},{"x":925,"y":541,"dx":44,"dy":-19.5,"t":13232},{"x":992,"y":554,"dx":111,"dy":-6.5,"t":13320},{"x":1000,"y":566,"dx":119,"dy":5.5,"t":13380},{"x":978,"y":572,"dx":97,"dy":11.5,"t":13458},{"x":962,"y":563,"dx":81,"dy":2.5,"t":13508},{"x":948,"y":599,"dx":67,"dy":38.5,"t":13604},{"x":891,"y":611,"dx":10,"dy":50.5,"t":13695},{"x":864,"y":586,"dx":-17,"dy":25.5,"t":13757},{"x":846,"y":588,"dx":-35,"dy":27.5,"t":13838},{"x":861,"y":571,"dx":-20,"dy":10.5,"t":13896},{"x":884,"y":581,"dx":3,"dy":20.5,"t":13981},{"x":844,"y":539,"dx":-37,"dy":-21.5,"t":14069},{"x":951,"y":541,"dx":70,"dy":-19.5,"t":14157},{"x":914,"y":551,"dx":33,"dy":-9.5,"t":14248}],[{"x":324,"y":707,"dx":-44,"dy":146.5,"t":15326},{"x":260,"y":801,"dx":-108,"dy":240.5,"t":15414},{"x":278,"y":794,"dx":-90,"dy":233.5,"t":15501},{"x":297,"y":782,"dx":-71,"dy":221.5,"t":15545},{"x":338,"y":725,"dx":-30,"dy":164.5,"t":15596},{"x":303,"y":679,"dx":-65,"dy":118.5,"t":15693},{"x":327,"y":641,"dx":-41,"dy":80.5,"t":15774},{"x":337,"y":635,"dx":-31,"dy":74.5,"t":15819},{"x":424,"y":621,"dx":56,"dy":60.5,"t":15867},{"x":427,"y":637,"dx":59,"dy":76.5,"t":15965},{"x":417,"y":601,"dx":49,"dy":40.5,"t":16054},{"x":382,"y":534,"dx":14,"dy":-26.5,"t":16137},{"x":356,"y":527,"dx":-12,"dy":-33.5,"t":16217},{"x":373,"y":532,"dx":5,"dy":-28.5,"t":16299},{"x":411,"y":515,"dx":43,"dy":-45.5,"t":16382},{"x":389,"y":526,"dx":21,"dy":-34.5,"t":16449},{"x":369,"y":541,"dx":1,"dy":-19.5,"t":16470},{"x":316,"y":563,"dx":-52,"dy":2.5,"t":16564},{"x":338,"y":535,"dx":-30,"dy":-25.5,"t":16645},{"x":326,"y":528,"dx":-42,"dy":-32.5,"t":16725},{"x":401,"y":613,"dx":33,"dy":52.5,"t":16792},{"x":405,"y":622,"dx":37,"dy":61.5,"t":16813},{"x":384,"y":638,"dx":16,"dy":77.5,"t":16910},{"x":311,"y":635,"dx":-57,"dy":74.5,"t":16991},{"x":284,"y":642,"dx":-84,"dy":81.5,"t":17071},{"x":341,"y":630,"dx":-27,"dy":69.5,"t":17154},{"x":386,"y":649,"dx":18,"dy":88.5,"t":17236},{"x":392,"y":650,"dx":24,"dy":89.5,"t":17278},{"x":334,"y":643,"dx":-34,"dy":82.5,"t":17328},{"x":319,"y":637,"dx":-49,"dy":76.5,"t":17421},{"x":281,"y":585,"dx":-87,"dy":24.5,"t":17502},{"x":276,"y":584,"dx":-92,"dy":23.5,"t":17583},{"x":289,"y":580,"dx":-79,"dy":19.5,"t":17665},{"x":343,"y":591,"dx":-25,"dy":30.5,"t":17749},{"x":306,"y":599,"dx":-62,"dy":38.5,"t":17834}],[{"x":937,"y":199,"dx":56,"dy":-40.796875,"t":18825},{"x":956,"y":240,"dx":75,"dy":0.203125,"t":18877},{"x":853,"y":240,"dx":-28,"dy":0.203125,"t":18969},{"x":923,"y":233,"dx":42,"dy":-6.796875,"t":19027},{"x":957,"y":216,"dx":76,"dy":-23.796875,"t":19104},{"x":1019,"y":248,"dx":138,"dy":8.203125,"t":19148},{"x":1003,"y":212,"dx":122,"dy":-27.796875,"t":19237},{"x":947,"y":233,"dx":66,"dy":-6.796875,"t":19295},{"x":914,"y":236,"dx":33,"dy":-3.796875,"t":19376},{"x":851,"y":239,"dx":-30,"dy":-0.796875,"t":19437},{"x":825,"y":229,"dx":-56,"dy":-10.796875,"t":19529},{"x":832,"y":225,"dx":-49,"dy":-14.796875,"t":19589},{"x":821,"y":221,"dx":-60,"dy":-18.796875,"t":19669},{"x":796,"y":208,"dx":-85,"dy":-31.796875,"t":19716},{"x":810,"y":202,"dx":-71,"dy":-37.796875,"t":19777},{"x":839,"y":216,"dx":-42,"dy":-23.796875,"t":19858},{"x":932,"y":204,"dx":51,"dy":-35.796875,"t":19908},{"x":963,"y":185,"dx":82,"dy":-54.796875,"t":20005},{"x":1108,"y":203,"dx":227,"dy":-36.796875,"t":20065},{"x":1046,"y":211,"dx":165,"dy":-28.796875,"t":20147},{"x":982,"y":178,"dx":101,"dy":-61.796875,"t":20191},{"x":927,"y":225,"dx":46,"dy":-14.796875,"t":20250},{"x":922,"y":236,"dx":41,"dy":-3.796875,"t":20331},{"x":962,"y":202,"dx":81,"dy":-37.796875,"t":20414},{"x":984,"y":204,"dx":103,"dy":-35.796875,"t":20462},{"x":1009,"y":224,"dx":128,"dy":-15.796875,"t":20524},{"x":1010,"y":218,"dx":129,"dy":-21.796875,"t":20606},{"x":1047,"y":256,"dx":166,"dy":16.203125,"t":20653},{"x":1100,"y":259,"dx":219,"dy":19.203125,"t":20746},{"x":1115,"y":245,"dx":234,"dy":5.203125,"t":20834},{"x":1077,"y":371,"dx":196,"dy":131.203125,"t":20895},{"x":1044,"y":346,"dx":163,"dy":106.203125,"t":20975},{"x":957,"y":469,"dx":76,"dy":229.203125,"t":21019},{"x":954,"y":460,"dx":73,"dy":220.203125,"t":21116},{"x":943,"y":446,"dx":62,"dy":206.203125,"t":21178},{"x":903,"y":377,"dx":22,"dy":137.203125,"t":21214},{"x":915,"y":340,"dx":34,"dy":100.203125,"t":21261},{"x":993,"y":244,"dx":112,"dy":4.203125,"t":21332},{"x":1059,"y":249,"dx":178,"dy":9.203125,"t":21417}],[{"x":1338,"y":843,"dx":-56,"dy":-38.1953125,"t":22471},{"x":1319,"y":856,"dx":-75,"dy":-25.1953125,"t":22515},{"x":1280,"y":861,"dx":-114,"dy":-20.1953125,"t":22567},{"x":1172,"y":854,"dx":-222,"dy":-27.1953125,"t":22662},{"x":1047,"y":937,"dx":-347,"dy":55.8046875,"t":22745},{"x":1068,"y":974,"dx":-326,"dy":92.8046875,"t":22828},{"x":1264,"y":943,"dx":-130,"dy":61.8046875,"t":22911},{"x":1348,"y":846,"dx":-46,"dy":-35.1953125,"t":22980},{"x":1379,"y":831,"dx":-15,"dy":-50.1953125,"t":23002},{"x":1384,"y":818,"dx":-10,"dy":-63.1953125,"t":23097},{"x":1439,"y":757,"dx":45,"dy":-124.1953125,"t":23178},{"x":1431,"y":814,"dx":37,"dy":-67.1953125,"t":23260},{"x":1474,"y":821,"dx":80,"dy":-60.1953125,"t":23342},{"x":1506,"y":799,"dx":112,"dy":-82.1953125,"t":23423},{"x":1412,"y":811,"dx":18,"dy":-70.1953125,"t":23490},{"x":1443,"y":793,"dx":49,"dy":-88.1953125,"t":23511},{"x":1416,"y":799,"dx":22,"dy":-82.1953125,"t":23605},{"x":1312,"y":851,"dx":-82,"dy":-30.1953125,"t":23686},{"x":1348,"y":833,"dx":-46,"dy":-48.1953125,"t":23768},{"x":1367,"y":838,"dx":-27,"dy":-43.1953125,"t":23850},{"x":1316,"y":837,"dx":-78,"dy":-44.1953125,"t":23935},{"x":1344,"y":833,"dx":-50,"dy":-48.1953125,"t":24021},{"x":1467,"y":801,"dx":73,"dy":-80.1953125,"t":24107},{"x":1547,"y":830,"dx":153,"dy":-51.1953125,"t":24193},{"x":1587,"y":791,"dx":193,"dy":-90.1953125,"t":24279},{"x":1577,"y":788,"dx":183,"dy":-93.1953125,"t":24367},{"x":1471,"y":795,"dx":77,"dy":-86.1953125,"t":24455},{"x":1309,"y":742,"dx":-85,"dy":-139.1953125,"t":24543},{"x":1307,"y":742,"dx":-87,"dy":-139.1953125,"t":24589},{"x":1354,"y":738,"dx":-40,"dy":-143.1953125,"t":24644},{"x":1465,"y":725,"dx":71,"dy":-156.1953125,"t":24711},{"x":1484,"y":725,"dx":90,"dy":-156.1953125,"t":24786},{"x":1539,"y":736,"dx":145,"dy":-145.1953125,"t":24866},{"x":1554,"y":744,"dx":160,"dy":-137.1953125,"t":24907},{"x":1538,"y":741,"dx":144,"dy":-140.1953125,"t":24964},{"x":1453,"y":742,"dx":59,"dy":-139.1953125,"t":25023}],[{"x":1459,"y":446,"dx":65,"dy":-114.5,"t":26085},{"x":1489,"y":489,"dx":95,"dy":-71.5,"t":26130},{"x":1554,"y":458,"dx":160,"dy":-102.5,"t":26216},{"x":1588,"y":453,"dx":194,"dy":-107.5,"t":26299},{"x":1609,"y":500,"dx":215,"dy":-60.5,"t":26356},{"x":1488,"y":487,"dx":94,"dy":-73.5,"t":26436},{"x":1445,"y":470,"dx":51,"dy":-90.5,"t":26486},{"x":1464,"y":515,"dx":70,"dy":-45.5,"t":26577},{"x":1470,"y":572,"dx":76,"dy":11.5,"t":26641},{"x":1446,"y":566,"dx":52,"dy":5.5,"t":26722},{"x":1399,"y":571,"dx":5,"dy":10.5,"t":26765},{"x":1378,"y":573,"dx":-16,"dy":12.5,"t":26868},{"x":1266,"y":595,"dx":-128,"dy":34.5,"t":26968},{"x":1198,"y":569,"dx":-196,"dy":8.5,"t":27054},{"x":1292,"y":581,"dx":-102,"dy":20.5,"t":27112},{"x":1323,"y":588,"dx":-71,"dy":27.5,"t":27191},{"x":1362,"y":593,"dx":-32,"dy":32.5,"t":27236},{"x":1360,"y":591,"dx":-34,"dy":30.5,"t":27325},{"x":1356,"y":573,"dx":-38,"dy":12.5,"t":27384},{"x":1374,"y":618,"dx":-20,"dy":57.5,"t":27464},{"x":1388,"y":638,"dx":-6,"dy":77.5,"t":27511},{"x":1371,"y":637,"dx":-23,"dy":76.5,"t":27599},{"x":1332,"y":612,"dx":-62,"dy":51.5,"t":27657},{"x":1319,"y":605,"dx":-75,"dy":44.5,"t":27740},{"x":1280,"y":568,"dx":-114,"dy":7.5,"t":27793},{"x":1299,"y":536,"dx":-95,"dy":-24.5,"t":27886},{"x":1322,"y":511,"dx":-72,"dy":-49.5,"t":27970},{"x":1331,"y":508,"dx":-63,"dy":-52.5,"t":28027},{"x":1439,"y":484,"dx":45,"dy":-76.5,"t":28105},{"x":1431,"y":497,"dx":37,"dy":-63.5,"t":28149},{"x":1367,"y":495,"dx":-27,"dy":-65.5,"t":28209},{"x":1363,"y":474,"dx":-31,"dy":-86.5,"t":28284},{"x":1411,"y":474,"dx":17,"dy":-86.5,"t":28321},{"x":1559,"y":565,"dx":165,"dy":4.5,"t":28408},{"x":1475,"y":547,"dx":81,"dy":-13.5,"t":28452},{"x":1422,"y":513,"dx":28,"dy":-47.5,"t":28505},{"x":1465,"y":552,"dx":71,"dy":-8.5,"t":28603}],[{"x":1166,"y":820,"dx":285,"dy":-61.1953125,"t":29608},{"x":1102,"y":843,"dx":221,"dy":-38.1953125,"t":29667},{"x":992,"y":812,"dx":111,"dy":-69.1953125,"t":29745},{"x":929,"y":740,"dx":48,"dy":-141.1953125,"t":29785},{"x":870,"y":736,"dx":-11,"dy":-145.1953125,"t":29884},{"x":932,"y":717,"dx":51,"dy":-164.1953125,"t":29930},{"x":1035,"y":719,"dx":154,"dy":-162.1953125,"t":29990},{"x":1065,"y":804,"dx":184,"dy":-77.1953125,"t":30087},{"x":1067,"y":757,"dx":186,"dy":-124.1953125,"t":30148},{"x":1071,"y":770,"dx":190,"dy":-111.1953125,"t":30229},{"x":1077,"y":731,"dx":196,"dy":-150.1953125,"t":30312},{"x":1027,"y":717,"dx":146,"dy":-164.1953125,"t":30354},{"x":963,"y":741,"dx":82,"dy":-140.1953125,"t":30440},{"x":922,"y":764,"dx":41,"dy":-117.1953125,"t":30523},{"x":945,"y":736,"dx":64,"dy":-145.1953125,"t":30578},{"x":949,"y":755,"dx":68,"dy":-126.1953125,"t":30657},{"x":988,"y":823,"dx":107,"dy":-58.1953125,"t":30699},{"x":1008,"y":851,"dx":127,"dy":-30.1953125,"t":30759},{"x":1016,"y":834,"dx":135,"dy":-47.1953125,"t":30837},{"x":1010,"y":817,"dx":129,"dy":-64.1953125,"t":30921},{"x":1088,"y":818,"dx":207,"dy":-63.1953125,"t":30964},{"x":1086,"y":811,"dx":205,"dy":-70.1953125,"t":31049},{"x":1089,"y":829,"dx":208,"dy":-52.1953125,"t":31134},{"x":1002,"y":824,"dx":121,"dy":-57.1953125,"t":31192},{"x":993,"y":836,"dx":112,"dy":-45.1953125,"t":31273},{"x":946,"y":857,"dx":65,"dy":-24.1953125,"t":31318},{"x":955,"y":873,"dx":74,"dy":-8.1953125,"t":31411},{"x":922,"y":917,"dx":41,"dy":35.8046875,"t":31470},{"x":913,"y":923,"dx":32,"dy":41.8046875,"t":31553},{"x":942,"y":932,"dx":61,"dy":50.8046875,"t":31637},{"x":981,"y":919,"dx":100,"dy":37.8046875,"t":31683},{"x":992,"y":903,"dx":111,"dy":21.8046875,"t":31742},{"x":979,"y":903,"dx":98,"dy":21.8046875,"t":31820},{"x":957,"y":861,"dx":76,"dy":-20.1953125,"t":31854},{"x":946,"y":857,"dx":65,"dy":-24.1953125,"t":31920},{"x":978,"y":857,"dx":97,"dy":-24.1953125,"t":31952},{"x":1034,"y":866,"dx":153,"dy":-15.1953125,"t":32034},{"x":1006,"y":876,"dx":125,"dy":-5.1953125,"t":32116},{"x":1009,"y":871,"dx":128,"dy":-10.1953125,"t":32197}]],"percent_in_roi":[100,94.11764705882352,91.66666666666666,100,91.42857142857143,82.05128205128204,77.77777777777779,94.5945945945946,74.35897435897436],"average_offset":[{"x":21.894736842105264,"y":-0.27055921052631576,"r":81.25389667060327},{"x":44.85294117647059,"y":-26.960018382352942,"r":104.32121045061007},{"x":-43.69444444444444,"y":31.09201388888889,"r":100.2404474867523},{"x":12.411764705882353,"y":42.44117647058823,"r":88.32969541124159},{"x":-23.885714285714286,"y":60.128571428571426,"r":72.47625930789549},{"x":73.74358974358974,"y":15.305689102564102,"r":93.73967968617137},{"x":-3.4722222222222223,"y":-70.38975694444444,"r":128.71786457263687},{"x":8.54054054054054,"y":-19.31081081081081,"r":82.88972406157264},{"x":117.76923076923077,"y":-60.16967147435897,"r":87.65581036866435}],"validation_points":[[20,20],[20,80],[80,20],[50,50],[20,50],[50,20],[80,80],[80,50],[50,80]],"samples_per_sec":"13.85","task":"validate","trial_type":"webgazer-validate","trial_index":9,"time_elapsed":76698,"internal_node_id":"0.0-9.0","browser_name":"Chrome","browser_type":"130.0","subject":"cg_u1hzly9","interaction":"[{\"event\":\"fullscreenenter\",\"trial\":2,\"time\":1814},{\"event\":\"fullscreenexit\",\"trial\":30,\"time\":160168},{\"event\":\"blur\",\"trial\":31,\"time\":162244},{\"event\":\"focus\",\"trial\":31,\"time\":162415}]","windowWidth":1710,"windowHight":1107},{"rt":1403,"stimulus":"<div> <font size=120%; font color = 'green';> Study Overview </font><br/>\n                                             <br><br/>\n                In this study, you will make a series of decisions. <br/>\n                Press F to choose the left option and Press J to choose the right option. <br/>\n                When you are ready, press the <b>SPACE BAR</b>.  </div>","response":" ","trial_type":"html-keyboard-response","trial_index":10,"time_elapsed":78101,"internal_node_id":"0.0-11.0","browser_name":"Chrome","browser_type":"130.0","subject":"cg_u1hzly9","interaction":"[{\"event\":\"fullscreenenter\",\"trial\":2,\"time\":1814},{\"event\":\"fullscreenexit\",\"trial\":30,\"time\":160168},{\"event\":\"blur\",\"trial\":31,\"time\":162244},{\"event\":\"focus\",\"trial\":31,\"time\":162415}]","windowWidth":1710,"windowHight":1107},{"rt":null,"stimulus":"<span id=\"calibration_dot_instruction\"></span>","response":null,"trial_type":"html-keyboard-response","trial_index":11,"time_elapsed":79147,"internal_node_id":"0.0-12.0-0.0","webgazer_data":[{"x":938,"y":440,"t":0},{"x":872,"y":340,"t":81},{"x":868,"y":302,"t":140},{"x":892,"y":385,"t":174},{"x":899,"y":377,"t":245},{"x":890,"y":356,"t":309},{"x":905,"y":383,"t":379},{"x":857,"y":379,"t":461}],"webgazer_targets":{"#calibration_dot_instruction":{"x":829,"y":504.6015625,"width":52,"height":52,"top":504.6015625,"right":881,"bottom":556.6015625,"left":829}},"browser_name":"Chrome","browser_type":"130.0","subject":"cg_u1hzly9","interaction":"[{\"event\":\"fullscreenenter\",\"trial\":2,\"time\":1814},{\"event\":\"fullscreenexit\",\"trial\":30,\"time\":160168},{\"event\":\"blur\",\"trial\":31,\"time\":162244},{\"event\":\"focus\",\"trial\":31,\"time\":162415}]","windowWidth":1710,"windowHight":1107},{"rt":4344,"stimulus":["img/FoodImages/foodStimulus_0.jpg","img/FoodImages/foodStimulus_1.jpg"],"response":"j","trial_type":"img-binary-choice","trial_index":12,"time_elapsed":84563,"internal_node_id":"0.0-12.0-1.0","webgazer_data":[{"x":812,"y":385,"t":-3},{"x":803,"y":378,"t":0},{"x":825,"y":361,"t":94},{"x":841,"y":380,"t":176},{"x":834,"y":403,"t":254},{"x":716,"y":407,"t":335},{"x":619,"y":410,"t":385},{"x":459,"y":409,"t":437},{"x":406,"y":443,"t":519},{"x":547,"y":360,"t":617},{"x":576,"y":366,"t":676},{"x":612,"y":376,"t":710},{"x":599,"y":392,"t":756},{"x":481,"y":427,"t":827},{"x":405,"y":462,"t":911},{"x":352,"y":497,"t":991},{"x":599,"y":459,"t":1073},{"x":1242,"y":582,"t":1154},{"x":1253,"y":580,"t":1198},{"x":1281,"y":516,"t":1249},{"x":1373,"y":441,"t":1348},{"x":1343,"y":435,"t":1437},{"x":1300,"y":413,"t":1525},{"x":1275,"y":407,"t":1600},{"x":1323,"y":430,"t":1702},{"x":1296,"y":427,"t":1766},{"x":1201,"y":401,"t":1808},{"x":915,"y":363,"t":1897},{"x":489,"y":432,"t":1967},{"x":249,"y":446,"t":2035},{"x":227,"y":445,"t":2058},{"x":253,"y":472,"t":2152},{"x":289,"y":451,"t":2234},{"x":427,"y":328,"t":2315},{"x":557,"y":372,"t":2395},{"x":649,"y":463,"t":2479},{"x":628,"y":450,"t":2550},{"x":533,"y":517,"t":2647},{"x":544,"y":512,"t":2708},{"x":978,"y":432,"t":2771},{"x":1098,"y":386,"t":2814},{"x":1239,"y":305,"t":2892},{"x":1308,"y":312,"t":2977},{"x":1202,"y":317,"t":3063},{"x":1318,"y":398,"t":3144},{"x":1362,"y":422,"t":3226},{"x":1278,"y":412,"t":3294},{"x":1224,"y":397,"t":3314},{"x":1165,"y":413,"t":3408},{"x":1230,"y":445,"t":3498},{"x":1275,"y":466,"t":3560},{"x":1340,"y":505,"t":3627},{"x":1360,"y":563,"t":3715},{"x":1286,"y":584,"t":3822},{"x":1234,"y":528,"t":3915},{"x":1316,"y":545,"t":3997},{"x":1354,"y":580,"t":4079},{"x":1326,"y":601,"t":4163},{"x":1273,"y":600,"t":4250},{"x":1281,"y":594,"t":4345},{"x":1273,"y":565,"t":4402},{"x":1342,"y":528,"t":4488},{"x":1254,"y":468,"t":4551},{"x":1237,"y":477,"t":4623},{"x":1163,"y":497,"t":4720},{"x":1197,"y":517,"t":4780},{"x":1300,"y":570,"t":4855},{"x":1313,"y":555,"t":4909},{"x":1278,"y":555,"t":4989},{"x":1187,"y":488,"t":5072},{"x":1141,"y":466,"t":5156},{"x":1160,"y":464,"t":5241},{"x":1202,"y":525,"t":5327}],"webgazer_targets":{"#left_state":{"x":160,"y":309.703125,"width":535,"height":449.59375,"top":309.703125,"right":695,"bottom":759.296875,"left":160},"#right_state":{"x":1015,"y":309.703125,"width":535,"height":449.59375,"top":309.703125,"right":1550,"bottom":759.296875,"left":1015}},"browser_name":"Chrome","browser_type":"130.0","subject":"cg_u1hzly9","interaction":"[{\"event\":\"fullscreenenter\",\"trial\":2,\"time\":1814},{\"event\":\"fullscreenexit\",\"trial\":30,\"time\":160168},{\"event\":\"blur\",\"trial\":31,\"time\":162244},{\"event\":\"focus\",\"trial\":31,\"time\":162415}]","windowWidth":1710,"windowHight":1107},{"rt":null,"stimulus":"<span id=\"calibration_dot_instruction\"></span>","response":null,"trial_type":"html-keyboard-response","trial_index":13,"time_elapsed":85136,"internal_node_id":"0.0-12.1-0.1","webgazer_data":[{"x":1182,"y":486,"t":-3},{"x":1212,"y":461,"t":0},{"x":1192,"y":431,"t":104},{"x":1092,"y":494,"t":189},{"x":1217,"y":512,"t":274},{"x":1207,"y":481,"t":371},{"x":1152,"y":450,"t":415},{"x":1030,"y":540,"t":475}],"webgazer_targets":{"#calibration_dot_instruction":{"x":829,"y":504.6015625,"width":52,"height":52,"top":504.6015625,"right":881,"bottom":556.6015625,"left":829}},"browser_name":"Chrome","browser_type":"130.0","subject":"cg_u1hzly9","interaction":"[{\"event\":\"fullscreenenter\",\"trial\":2,\"time\":1814},{\"event\":\"fullscreenexit\",\"trial\":30,\"time\":160168},{\"event\":\"blur\",\"trial\":31,\"time\":162244},{\"event\":\"focus\",\"trial\":31,\"time\":162415}]","windowWidth":1710,"windowHight":1107},{"rt":5050,"stimulus":["img/charityImages/charitySlide_0.jpg","img/charityImages/charitySlide_1.jpg"],"response":"j","trial_type":"img-binary-choice","trial_index":14,"time_elapsed":91245,"internal_node_id":"0.0-12.1-1.1","webgazer_data":[{"x":919,"y":620,"t":0},{"x":939,"y":671,"t":85},{"x":956,"y":636,"t":173},{"x":963,"y":611,"t":257},{"x":944,"y":614,"t":344},{"x":988,"y":657,"t":432},{"x":892,"y":608,"t":513},{"x":591,"y":640,"t":599},{"x":439,"y":606,"t":683},{"x":398,"y":561,"t":768},{"x":389,"y":553,"t":854},{"x":395,"y":568,"t":940},{"x":363,"y":581,"t":1028},{"x":410,"y":604,"t":1116},{"x":466,"y":589,"t":1186},{"x":485,"y":620,"t":1206},{"x":649,"y":600,"t":1301},{"x":980,"y":579,"t":1382},{"x":1433,"y":642,"t":1467},{"x":1473,"y":639,"t":1552},{"x":1407,"y":596,"t":1638},{"x":1281,"y":582,"t":1721},{"x":1222,"y":605,"t":1809},{"x":1232,"y":616,"t":1897},{"x":1289,"y":644,"t":1982},{"x":1043,"y":602,"t":2066},{"x":510,"y":606,"t":2151},{"x":229,"y":644,"t":2237},{"x":282,"y":669,"t":2311},{"x":320,"y":657,"t":2415},{"x":311,"y":663,"t":2476},{"x":224,"y":657,"t":2514},{"x":236,"y":664,"t":2562},{"x":279,"y":700,"t":2616},{"x":284,"y":725,"t":2673},{"x":268,"y":687,"t":2732},{"x":306,"y":650,"t":2814},{"x":584,"y":638,"t":2896},{"x":964,"y":593,"t":2982},{"x":1438,"y":680,"t":3068},{"x":1517,"y":654,"t":3153},{"x":1393,"y":649,"t":3238},{"x":1253,"y":622,"t":3324},{"x":1215,"y":644,"t":3414},{"x":1241,"y":696,"t":3502},{"x":1199,"y":656,"t":3586},{"x":1201,"y":628,"t":3670},{"x":1266,"y":617,"t":3756},{"x":1237,"y":589,"t":3841},{"x":1242,"y":562,"t":3927},{"x":1317,"y":608,"t":4015},{"x":1348,"y":593,"t":4101},{"x":1380,"y":598,"t":4186},{"x":1349,"y":533,"t":4271},{"x":1327,"y":516,"t":4359},{"x":1364,"y":550,"t":4448},{"x":1323,"y":629,"t":4519},{"x":1282,"y":640,"t":4539},{"x":1335,"y":652,"t":4634},{"x":1421,"y":623,"t":4715},{"x":1502,"y":648,"t":4796},{"x":1461,"y":625,"t":4882},{"x":1435,"y":559,"t":4968},{"x":1335,"y":611,"t":5069},{"x":1305,"y":659,"t":5152},{"x":1317,"y":657,"t":5236},{"x":1323,"y":552,"t":5320},{"x":1228,"y":455,"t":5403},{"x":1213,"y":436,"t":5447},{"x":1306,"y":454,"t":5501},{"x":1261,"y":467,"t":5598},{"x":1197,"y":486,"t":5680},{"x":1175,"y":473,"t":5761},{"x":1226,"y":504,"t":5842},{"x":1344,"y":583,"t":5910},{"x":1354,"y":599,"t":5931},{"x":1345,"y":598,"t":6025}],"webgazer_targets":{"#left_state":{"x":160,"y":309.703125,"width":535,"height":449.59375,"top":309.703125,"right":695,"bottom":759.296875,"left":160},"#right_state":{"x":1015,"y":309.703125,"width":535,"height":449.59375,"top":309.703125,"right":1550,"bottom":759.296875,"left":1015}},"browser_name":"Chrome","browser_type":"130.0","subject":"cg_u1hzly9","interaction":"[{\"event\":\"fullscreenenter\",\"trial\":2,\"time\":1814},{\"event\":\"fullscreenexit\",\"trial\":30,\"time\":160168},{\"event\":\"blur\",\"trial\":31,\"time\":162244},{\"event\":\"focus\",\"trial\":31,\"time\":162415}]","windowWidth":1710,"windowHight":1107},{"rt":4496,"stimulus":"Empty legislative seats will be filled _______","response":" ","trial_type":"html-keyboard-response","trial_index":15,"time_elapsed":95741,"internal_node_id":"0.0-13.0-0.0","webgazer_data":[{"x":1363,"y":577,"t":-3},{"x":1359,"y":565,"t":0},{"x":1281,"y":517,"t":96},{"x":1348,"y":485,"t":162},{"x":1347,"y":476,"t":233},{"x":1361,"y":478,"t":271},{"x":1214,"y":457,"t":356},{"x":1152,"y":528,"t":398},{"x":1074,"y":579,"t":465},{"x":884,"y":632,"t":546},{"x":763,"y":679,"t":629},{"x":706,"y":602,"t":711},{"x":701,"y":594,"t":756},{"x":710,"y":586,"t":806},{"x":743,"y":630,"t":901},{"x":637,"y":701,"t":982},{"x":585,"y":699,"t":1027},{"x":650,"y":660,"t":1082},{"x":780,"y":622,"t":1149},{"x":803,"y":621,"t":1169},{"x":862,"y":613,"t":1266},{"x":871,"y":599,"t":1348},{"x":773,"y":663,"t":1429},{"x":667,"y":674,"t":1511},{"x":603,"y":626,"t":1599},{"x":635,"y":622,"t":1683},{"x":812,"y":635,"t":1764},{"x":870,"y":523,"t":1833},{"x":874,"y":581,"t":1852},{"x":998,"y":534,"t":1946},{"x":1031,"y":484,"t":2029},{"x":920,"y":605,"t":2111},{"x":883,"y":646,"t":2192},{"x":901,"y":589,"t":2277},{"x":786,"y":515,"t":2362},{"x":851,"y":525,"t":2447},{"x":996,"y":581,"t":2532},{"x":1019,"y":566,"t":2619},{"x":1078,"y":607,"t":2707},{"x":1119,"y":628,"t":2790},{"x":1086,"y":636,"t":2876},{"x":1048,"y":643,"t":2963},{"x":1092,"y":668,"t":3051},{"x":1037,"y":625,"t":3140},{"x":1039,"y":594,"t":3224},{"x":1095,"y":594,"t":3296},{"x":1068,"y":580,"t":3315},{"x":1051,"y":592,"t":3410},{"x":1051,"y":636,"t":3492},{"x":1031,"y":607,"t":3578},{"x":1014,"y":592,"t":3663},{"x":1051,"y":602,"t":3748},{"x":1101,"y":609,"t":3836},{"x":1120,"y":558,"t":3911},{"x":1140,"y":536,"t":4009},{"x":1071,"y":577,"t":4069},{"x":969,"y":552,"t":4132},{"x":878,"y":547,"t":4199},{"x":837,"y":592,"t":4289},{"x":818,"y":623,"t":4370}],"webgazer_targets":{"#jspsych-html-keyboard-response-stimulus":{"x":520.8828125,"y":520.1015625,"width":668.2265625,"height":28.796875,"top":520.1015625,"right":1189.109375,"bottom":548.8984375,"left":520.8828125}},"browser_name":"Chrome","browser_type":"130.0","subject":"cg_u1hzly9","interaction":"[{\"event\":\"fullscreenenter\",\"trial\":2,\"time\":1814},{\"event\":\"fullscreenexit\",\"trial\":30,\"time\":160168},{\"event\":\"blur\",\"trial\":31,\"time\":162244},{\"event\":\"focus\",\"trial\":31,\"time\":162415}]","windowWidth":1710,"windowHight":1107},{"rt":null,"stimulus":"<span id=\"calibration_dot_instruction\"></span>","response":null,"trial_type":"html-keyboard-response","trial_index":16,"time_elapsed":96818,"internal_node_id":"0.0-13.0-1.0","webgazer_data":[{"x":847,"y":599,"t":0},{"x":834,"y":552,"t":88},{"x":836,"y":549,"t":148},{"x":866,"y":553,"t":189},{"x":849,"y":583,"t":276},{"x":748,"y":591,"t":345},{"x":864,"y":507,"t":426}],"webgazer_targets":{"#calibration_dot_instruction":{"x":829,"y":504.6015625,"width":52,"height":52,"top":504.6015625,"right":881,"bottom":556.6015625,"left":829}},"browser_name":"Chrome","browser_type":"130.0","subject":"cg_u1hzly9","interaction":"[{\"event\":\"fullscreenenter\",\"trial\":2,\"time\":1814},{\"event\":\"fullscreenexit\",\"trial\":30,\"time\":160168},{\"event\":\"blur\",\"trial\":31,\"time\":162244},{\"event\":\"focus\",\"trial\":31,\"time\":162415}]","windowWidth":1710,"windowHight":1107},{"rt":4392,"stimulus":["next session","immediately"],"response":"f","trial_type":"text-binary-choice","trial_index":17,"time_elapsed":102254,"internal_node_id":"0.0-13.0-2.0","webgazer_data":[{"x":941,"y":485,"t":-43},{"x":967,"y":495,"t":0},{"x":1069,"y":536,"t":52},{"x":1031,"y":535,"t":146},{"x":1034,"y":548,"t":227},{"x":941,"y":505,"t":308},{"x":751,"y":443,"t":389},{"x":374,"y":551,"t":471},{"x":316,"y":558,"t":542},{"x":299,"y":553,"t":562},{"x":294,"y":636,"t":656},{"x":358,"y":642,"t":739},{"x":493,"y":486,"t":821},{"x":416,"y":561,"t":902},{"x":396,"y":629,"t":987},{"x":352,"y":629,"t":1072},{"x":409,"y":631,"t":1158},{"x":485,"y":635,"t":1241},{"x":468,"y":638,"t":1332},{"x":704,"y":515,"t":1401},{"x":1108,"y":509,"t":1487},{"x":1289,"y":544,"t":1537},{"x":1368,"y":591,"t":1631},{"x":1388,"y":620,"t":1712},{"x":1357,"y":608,"t":1770},{"x":1230,"y":572,"t":1829},{"x":1107,"y":554,"t":1880},{"x":1122,"y":496,"t":1973},{"x":1219,"y":495,"t":2052},{"x":1232,"y":513,"t":2109},{"x":1350,"y":588,"t":2170},{"x":1159,"y":595,"t":2212},{"x":625,"y":579,"t":2282},{"x":316,"y":529,"t":2365},{"x":287,"y":527,"t":2448},{"x":339,"y":535,"t":2528},{"x":376,"y":544,"t":2609},{"x":414,"y":550,"t":2688},{"x":480,"y":578,"t":2768},{"x":440,"y":549,"t":2847},{"x":328,"y":558,"t":2931},{"x":462,"y":519,"t":3015},{"x":913,"y":449,"t":3100},{"x":1269,"y":588,"t":3184},{"x":1210,"y":532,"t":3269},{"x":1219,"y":502,"t":3332},{"x":1315,"y":534,"t":3409},{"x":1264,"y":515,"t":3453},{"x":1179,"y":544,"t":3539},{"x":1171,"y":603,"t":3626},{"x":1260,"y":638,"t":3711},{"x":1004,"y":630,"t":3797},{"x":459,"y":610,"t":3884},{"x":278,"y":563,"t":3971},{"x":350,"y":541,"t":4059},{"x":343,"y":549,"t":4147},{"x":405,"y":578,"t":4236},{"x":380,"y":554,"t":4320},{"x":390,"y":558,"t":4406},{"x":384,"y":540,"t":4464},{"x":479,"y":574,"t":4527},{"x":402,"y":553,"t":4596},{"x":381,"y":606,"t":4676},{"x":371,"y":611,"t":4757},{"x":372,"y":596,"t":4801},{"x":410,"y":570,"t":4850},{"x":439,"y":540,"t":4945},{"x":346,"y":558,"t":5025},{"x":318,"y":567,"t":5093},{"x":341,"y":574,"t":5168},{"x":361,"y":552,"t":5247},{"x":400,"y":555,"t":5306}],"webgazer_targets":{"#left_state_text":{"x":170.5,"y":427.1015625,"width":514,"height":214.796875,"top":427.1015625,"right":684.5,"bottom":641.8984375,"left":170.5},"#right_state_text":{"x":1025.5,"y":427.1015625,"width":514,"height":214.796875,"top":427.1015625,"right":1539.5,"bottom":641.8984375,"left":1025.5}},"browser_name":"Chrome","browser_type":"130.0","subject":"cg_u1hzly9","interaction":"[{\"event\":\"fullscreenenter\",\"trial\":2,\"time\":1814},{\"event\":\"fullscreenexit\",\"trial\":30,\"time\":160168},{\"event\":\"blur\",\"trial\":31,\"time\":162244},{\"event\":\"focus\",\"trial\":31,\"time\":162415}]","windowWidth":1710,"windowHight":1107},{"rt":8595,"stimulus":" Intentionally harming another person is _____permissible.","response":" ","trial_type":"html-keyboard-response","trial_index":18,"time_elapsed":110849,"internal_node_id":"0.0-13.1-0.1","webgazer_data":[{"x":430,"y":575,"t":-43},{"x":419,"y":574,"t":0},{"x":375,"y":613,"t":58},{"x":355,"y":715,"t":155},{"x":377,"y":665,"t":236},{"x":386,"y":640,"t":279},{"x":433,"y":578,"t":331},{"x":565,"y":526,"t":430},{"x":755,"y":478,"t":517},{"x":722,"y":511,"t":602},{"x":504,"y":644,"t":685},{"x":493,"y":770,"t":768},{"x":638,"y":599,"t":851},{"x":725,"y":557,"t":934},{"x":787,"y":521,"t":1015},{"x":888,"y":532,"t":1084},{"x":875,"y":528,"t":1106},{"x":708,"y":568,"t":1201},{"x":480,"y":634,"t":1283},{"x":508,"y":613,"t":1364},{"x":451,"y":630,"t":1447},{"x":488,"y":573,"t":1530},{"x":457,"y":596,"t":1611},{"x":515,"y":601,"t":1700},{"x":542,"y":550,"t":1783},{"x":405,"y":581,"t":1870},{"x":467,"y":604,"t":1953},{"x":631,"y":550,"t":2038},{"x":665,"y":516,"t":2082},{"x":777,"y":397,"t":2138},{"x":939,"y":384,"t":2222},{"x":929,"y":435,"t":2323},{"x":876,"y":448,"t":2382},{"x":805,"y":457,"t":2450},{"x":816,"y":498,"t":2525},{"x":888,"y":491,"t":2594},{"x":1016,"y":536,"t":2661},{"x":1115,"y":580,"t":2744},{"x":1024,"y":558,"t":2825},{"x":992,"y":518,"t":2904},{"x":987,"y":495,"t":2988},{"x":1116,"y":520,"t":3058},{"x":1123,"y":548,"t":3077},{"x":1162,"y":612,"t":3172},{"x":1214,"y":617,"t":3253},{"x":1160,"y":625,"t":3338},{"x":1074,"y":639,"t":3423},{"x":1015,"y":644,"t":3510},{"x":977,"y":630,"t":3599},{"x":1002,"y":571,"t":3670},{"x":963,"y":546,"t":3690},{"x":1015,"y":496,"t":3784},{"x":1157,"y":610,"t":3866},{"x":1015,"y":574,"t":3947},{"x":764,"y":641,"t":4029},{"x":504,"y":547,"t":4114},{"x":571,"y":572,"t":4200},{"x":723,"y":464,"t":4285},{"x":767,"y":415,"t":4369},{"x":875,"y":491,"t":4457},{"x":806,"y":567,"t":4557},{"x":786,"y":657,"t":4643},{"x":843,"y":626,"t":4724},{"x":892,"y":620,"t":4768},{"x":1137,"y":561,"t":4819},{"x":1175,"y":516,"t":4914},{"x":1247,"y":555,"t":4996},{"x":1276,"y":550,"t":5039},{"x":1318,"y":525,"t":5090},{"x":1275,"y":522,"t":5190},{"x":1160,"y":510,"t":5277},{"x":773,"y":510,"t":5366},{"x":490,"y":529,"t":5440},{"x":411,"y":617,"t":5543},{"x":411,"y":674,"t":5606},{"x":385,"y":705,"t":5645},{"x":349,"y":764,"t":5736},{"x":381,"y":700,"t":5779},{"x":522,"y":529,"t":5849},{"x":675,"y":467,"t":5931},{"x":672,"y":471,"t":5989},{"x":654,"y":576,"t":6054},{"x":669,"y":549,"t":6122},{"x":700,"y":605,"t":6204},{"x":944,"y":536,"t":6286},{"x":1282,"y":625,"t":6352},{"x":1290,"y":532,"t":6372},{"x":1348,"y":405,"t":6465},{"x":987,"y":450,"t":6547},{"x":937,"y":533,"t":6628},{"x":951,"y":551,"t":6671},{"x":1032,"y":601,"t":6722},{"x":1181,"y":574,"t":6819},{"x":1179,"y":560,"t":6900},{"x":1125,"y":562,"t":6944},{"x":662,"y":508,"t":6993},{"x":444,"y":587,"t":7093},{"x":399,"y":697,"t":7179},{"x":504,"y":704,"t":7269},{"x":551,"y":689,"t":7318},{"x":644,"y":645,"t":7375},{"x":604,"y":624,"t":7457},{"x":489,"y":609,"t":7556},{"x":468,"y":606,"t":7615},{"x":441,"y":602,"t":7678},{"x":473,"y":608,"t":7734},{"x":383,"y":613,"t":7830},{"x":388,"y":611,"t":7889},{"x":427,"y":613,"t":7950},{"x":427,"y":637,"t":7993},{"x":412,"y":651,"t":8059},{"x":444,"y":646,"t":8137},{"x":525,"y":638,"t":8220},{"x":611,"y":614,"t":8304},{"x":757,"y":687,"t":8389},{"x":914,"y":645,"t":8470}],"webgazer_targets":{"#jspsych-html-keyboard-response-stimulus":{"x":400.5234375,"y":520.1015625,"width":908.9453125,"height":28.796875,"top":520.1015625,"right":1309.46875,"bottom":548.8984375,"left":400.5234375}},"browser_name":"Chrome","browser_type":"130.0","subject":"cg_u1hzly9","interaction":"[{\"event\":\"fullscreenenter\",\"trial\":2,\"time\":1814},{\"event\":\"fullscreenexit\",\"trial\":30,\"time\":160168},{\"event\":\"blur\",\"trial\":31,\"time\":162244},{\"event\":\"focus\",\"trial\":31,\"time\":162415}]","windowWidth":1710,"windowHight":1107},{"rt":null,"stimulus":"<span id=\"calibration_dot_instruction\"></span>","response":null,"trial_type":"html-keyboard-response","trial_index":19,"time_elapsed":111952,"internal_node_id":"0.0-13.1-1.1","webgazer_data":[{"x":859,"y":556,"t":0},{"x":867,"y":561,"t":86},{"x":890,"y":531,"t":148},{"x":870,"y":390,"t":185},{"x":887,"y":418,"t":277},{"x":945,"y":478,"t":348},{"x":929,"y":427,"t":418},{"x":872,"y":395,"t":492}],"webgazer_targets":{"#calibration_dot_instruction":{"x":829,"y":504.6015625,"width":52,"height":52,"top":504.6015625,"right":881,"bottom":556.6015625,"left":829}},"browser_name":"Chrome","browser_type":"130.0","subject":"cg_u1hzly9","interaction":"[{\"event\":\"fullscreenenter\",\"trial\":2,\"time\":1814},{\"event\":\"fullscreenexit\",\"trial\":30,\"time\":160168},{\"event\":\"blur\",\"trial\":31,\"time\":162244},{\"event\":\"focus\",\"trial\":31,\"time\":162415}]","windowWidth":1710,"windowHight":1107},{"rt":4497,"stimulus":["Sometimes","Never"],"response":"j","trial_type":"text-binary-choice","trial_index":20,"time_elapsed":117489,"internal_node_id":"0.0-13.1-2.1","webgazer_data":[{"x":856,"y":427,"t":0},{"x":887,"y":441,"t":88},{"x":924,"y":431,"t":171},{"x":911,"y":426,"t":256},{"x":817,"y":452,"t":346},{"x":512,"y":516,"t":435},{"x":579,"y":509,"t":503},{"x":543,"y":532,"t":577},{"x":459,"y":577,"t":640},{"x":400,"y":566,"t":693},{"x":431,"y":595,"t":789},{"x":428,"y":602,"t":849},{"x":419,"y":569,"t":928},{"x":397,"y":651,"t":967},{"x":461,"y":666,"t":1039},{"x":650,"y":601,"t":1116},{"x":856,"y":442,"t":1156},{"x":1255,"y":526,"t":1253},{"x":1305,"y":549,"t":1313},{"x":1361,"y":649,"t":1375},{"x":1383,"y":663,"t":1442},{"x":1383,"y":630,"t":1523},{"x":1355,"y":621,"t":1604},{"x":1344,"y":633,"t":1685},{"x":1292,"y":630,"t":1769},{"x":1264,"y":625,"t":1852},{"x":1147,"y":583,"t":1937},{"x":765,"y":502,"t":2023},{"x":398,"y":593,"t":2109},{"x":296,"y":637,"t":2196},{"x":261,"y":616,"t":2285},{"x":320,"y":619,"t":2373},{"x":357,"y":619,"t":2461},{"x":475,"y":595,"t":2549},{"x":595,"y":594,"t":2635},{"x":649,"y":611,"t":2719},{"x":1049,"y":473,"t":2804},{"x":1274,"y":503,"t":2890},{"x":1367,"y":552,"t":2979},{"x":1391,"y":561,"t":3069},{"x":1371,"y":550,"t":3154},{"x":1371,"y":573,"t":3240},{"x":1377,"y":567,"t":3326},{"x":1372,"y":526,"t":3399},{"x":1253,"y":541,"t":3500},{"x":1219,"y":543,"t":3503},{"x":1214,"y":583,"t":3616},{"x":1206,"y":569,"t":3675},{"x":1216,"y":537,"t":3742},{"x":1310,"y":535,"t":3811},{"x":1401,"y":532,"t":3892},{"x":1347,"y":561,"t":3977},{"x":1327,"y":549,"t":4063},{"x":1293,"y":558,"t":4149},{"x":1244,"y":546,"t":4235},{"x":1229,"y":475,"t":4321},{"x":1291,"y":518,"t":4408},{"x":1327,"y":574,"t":4497},{"x":1309,"y":622,"t":4583},{"x":1271,"y":627,"t":4667},{"x":1250,"y":623,"t":4752},{"x":1358,"y":577,"t":4838},{"x":1411,"y":485,"t":4925},{"x":1390,"y":427,"t":5001},{"x":1193,"y":420,"t":5099},{"x":1230,"y":523,"t":5184},{"x":1275,"y":509,"t":5244},{"x":1249,"y":498,"t":5307},{"x":1187,"y":510,"t":5374},{"x":1100,"y":473,"t":5454}],"webgazer_targets":{"#left_state_text":{"x":170.5,"y":427.1015625,"width":514,"height":214.796875,"top":427.1015625,"right":684.5,"bottom":641.8984375,"left":170.5},"#right_state_text":{"x":1025.5,"y":427.1015625,"width":514,"height":214.796875,"top":427.1015625,"right":1539.5,"bottom":641.8984375,"left":1025.5}},"browser_name":"Chrome","browser_type":"130.0","subject":"cg_u1hzly9","interaction":"[{\"event\":\"fullscreenenter\",\"trial\":2,\"time\":1814},{\"event\":\"fullscreenexit\",\"trial\":30,\"time\":160168},{\"event\":\"blur\",\"trial\":31,\"time\":162244},{\"event\":\"focus\",\"trial\":31,\"time\":162415}]","windowWidth":1710,"windowHight":1107},{"rt":null,"stimulus":"<span id=\"calibration_dot_instruction\"></span>","response":null,"trial_type":"html-keyboard-response","trial_index":21,"time_elapsed":118046,"internal_node_id":"0.0-14.0-0.0","webgazer_data":[{"x":1117,"y":458,"t":-3},{"x":1119,"y":460,"t":0},{"x":1210,"y":488,"t":94},{"x":1191,"y":510,"t":190},{"x":1149,"y":516,"t":270},{"x":1133,"y":483,"t":351},{"x":1022,"y":537,"t":431}],"webgazer_targets":{"#calibration_dot_instruction":{"x":829,"y":504.6015625,"width":52,"height":52,"top":504.6015625,"right":881,"bottom":556.6015625,"left":829}},"browser_name":"Chrome","browser_type":"130.0","subject":"cg_u1hzly9","interaction":"[{\"event\":\"fullscreenenter\",\"trial\":2,\"time\":1814},{\"event\":\"fullscreenexit\",\"trial\":30,\"time\":160168},{\"event\":\"blur\",\"trial\":31,\"time\":162244},{\"event\":\"focus\",\"trial\":31,\"time\":162415}]","windowWidth":1710,"windowHight":1107},{"rt":6831,"stimulus":[100,40,120],"response":"f","trial_type":"binary-three-states","trial_index":22,"time_elapsed":125932,"internal_node_id":"0.0-14.0-1.0","webgazer_data":[{"x":983,"y":550,"t":-43},{"x":974,"y":550,"t":0},{"x":934,"y":569,"t":51},{"x":877,"y":564,"t":144},{"x":783,"y":582,"t":225},{"x":784,"y":594,"t":281},{"x":1057,"y":639,"t":344},{"x":928,"y":553,"t":411},{"x":917,"y":415,"t":492},{"x":928,"y":314,"t":574},{"x":906,"y":364,"t":640},{"x":909,"y":381,"t":661},{"x":863,"y":367,"t":754},{"x":820,"y":316,"t":835},{"x":892,"y":294,"t":916},{"x":904,"y":295,"t":959},{"x":860,"y":286,"t":1009},{"x":887,"y":263,"t":1104},{"x":913,"y":271,"t":1186},{"x":865,"y":276,"t":1253},{"x":878,"y":269,"t":1275},{"x":911,"y":338,"t":1369},{"x":502,"y":671,"t":1450},{"x":396,"y":902,"t":1530},{"x":293,"y":903,"t":1611},{"x":259,"y":850,"t":1691},{"x":266,"y":808,"t":1775},{"x":317,"y":782,"t":1858},{"x":342,"y":756,"t":1941},{"x":384,"y":745,"t":2027},{"x":345,"y":822,"t":2109},{"x":355,"y":812,"t":2190},{"x":685,"y":816,"t":2274},{"x":916,"y":816,"t":2323},{"x":1366,"y":807,"t":2377},{"x":1424,"y":758,"t":2460},{"x":1430,"y":760,"t":2538},{"x":1350,"y":737,"t":2623},{"x":1287,"y":726,"t":2686},{"x":1274,"y":750,"t":2771},{"x":1287,"y":716,"t":2857},{"x":1357,"y":688,"t":2942},{"x":1397,"y":717,"t":3028},{"x":1237,"y":334,"t":3113},{"x":918,"y":75,"t":3201},{"x":776,"y":53,"t":3289},{"x":764,"y":135,"t":3374},{"x":806,"y":172,"t":3459},{"x":836,"y":145,"t":3544},{"x":922,"y":177,"t":3630},{"x":1066,"y":157,"t":3718},{"x":1064,"y":163,"t":3805},{"x":959,"y":175,"t":3876},{"x":939,"y":246,"t":3972},{"x":975,"y":269,"t":4033},{"x":966,"y":448,"t":4109},{"x":1066,"y":419,"t":4149},{"x":1192,"y":345,"t":4244},{"x":1076,"y":297,"t":4326},{"x":1162,"y":332,"t":4385},{"x":1277,"y":550,"t":4447},{"x":1357,"y":833,"t":4512},{"x":1334,"y":872,"t":4592},{"x":1246,"y":832,"t":4671},{"x":1245,"y":739,"t":4754},{"x":1374,"y":659,"t":4823},{"x":1377,"y":647,"t":4842},{"x":1342,"y":639,"t":4935},{"x":1296,"y":652,"t":5017},{"x":1268,"y":661,"t":5102},{"x":1189,"y":366,"t":5191},{"x":1027,"y":107,"t":5275},{"x":1006,"y":21,"t":5360},{"x":966,"y":-76,"t":5446},{"x":956,"y":40,"t":5535},{"x":938,"y":134,"t":5623},{"x":923,"y":196,"t":5707},{"x":996,"y":239,"t":5779},{"x":920,"y":192,"t":5878},{"x":864,"y":223,"t":5969},{"x":729,"y":254,"t":6040},{"x":793,"y":226,"t":6084},{"x":811,"y":213,"t":6115},{"x":823,"y":203,"t":6165},{"x":1023,"y":309,"t":6264},{"x":1426,"y":678,"t":6351},{"x":1582,"y":907,"t":6428},{"x":1539,"y":925,"t":6530},{"x":1477,"y":914,"t":6590},{"x":1303,"y":864,"t":6628},{"x":1278,"y":842,"t":6675},{"x":1194,"y":784,"t":6746},{"x":1106,"y":763,"t":6832},{"x":1134,"y":753,"t":6875},{"x":1170,"y":771,"t":6984},{"x":1141,"y":721,"t":7066},{"x":1025,"y":577,"t":7132},{"x":942,"y":531,"t":7207},{"x":770,"y":463,"t":7271},{"x":768,"y":507,"t":7323},{"x":848,"y":485,"t":7421},{"x":861,"y":485,"t":7480},{"x":882,"y":486,"t":7546},{"x":877,"y":484,"t":7576},{"x":930,"y":574,"t":7626},{"x":1002,"y":612,"t":7720},{"x":950,"y":610,"t":7802}],"webgazer_targets":{"#upper_state":{"x":729,"y":87.796875,"width":252,"height":252,"top":87.796875,"right":981,"bottom":339.796875,"left":729},"#lower_left_state":{"x":216,"y":729.1953125,"width":252,"height":252,"top":729.1953125,"right":468,"bottom":981.1953125,"left":216},"#lower_right_state":{"x":1242,"y":729.1953125,"width":252,"height":252,"top":729.1953125,"right":1494,"bottom":981.1953125,"left":1242}},"browser_name":"Chrome","browser_type":"130.0","subject":"cg_u1hzly9","interaction":"[{\"event\":\"fullscreenenter\",\"trial\":2,\"time\":1814},{\"event\":\"fullscreenexit\",\"trial\":30,\"time\":160168},{\"event\":\"blur\",\"trial\":31,\"time\":162244},{\"event\":\"focus\",\"trial\":31,\"time\":162415}]","windowWidth":1710,"windowHight":1107},{"rt":null,"stimulus":"<span id=\"calibration_dot_instruction\"></span>","response":null,"trial_type":"html-keyboard-response","trial_index":23,"time_elapsed":126506,"internal_node_id":"0.0-14.1-0.1","webgazer_data":[{"x":935,"y":620,"t":-3},{"x":925,"y":628,"t":0},{"x":936,"y":671,"t":99},{"x":963,"y":694,"t":147},{"x":1018,"y":678,"t":200},{"x":952,"y":578,"t":281},{"x":1020,"y":637,"t":379},{"x":1018,"y":605,"t":439},{"x":930,"y":532,"t":474}],"webgazer_targets":{"#calibration_dot_instruction":{"x":829,"y":504.6015625,"width":52,"height":52,"top":504.6015625,"right":881,"bottom":556.6015625,"left":829}},"browser_name":"Chrome","browser_type":"130.0","subject":"cg_u1hzly9","interaction":"[{\"event\":\"fullscreenenter\",\"trial\":2,\"time\":1814},{\"event\":\"fullscreenexit\",\"trial\":30,\"time\":160168},{\"event\":\"blur\",\"trial\":31,\"time\":162244},{\"event\":\"focus\",\"trial\":31,\"time\":162415}]","windowWidth":1710,"windowHight":1107},{"rt":7110,"stimulus":[30,100,50],"response":"j","trial_type":"binary-three-states","trial_index":24,"time_elapsed":134687,"internal_node_id":"0.0-14.1-1.1","webgazer_data":[{"x":895,"y":521,"t":-53},{"x":825,"y":502,"t":0},{"x":808,"y":509,"t":84},{"x":810,"y":538,"t":121},{"x":814,"y":552,"t":193},{"x":828,"y":581,"t":261},{"x":847,"y":571,"t":330},{"x":882,"y":445,"t":411},{"x":746,"y":228,"t":498},{"x":776,"y":167,"t":584},{"x":725,"y":192,"t":670},{"x":697,"y":251,"t":758},{"x":690,"y":316,"t":846},{"x":737,"y":322,"t":917},{"x":836,"y":315,"t":1014},{"x":913,"y":336,"t":1076},{"x":916,"y":393,"t":1139},{"x":741,"y":471,"t":1206},{"x":430,"y":654,"t":1286},{"x":436,"y":742,"t":1352},{"x":431,"y":756,"t":1426},{"x":480,"y":797,"t":1462},{"x":559,"y":797,"t":1549},{"x":560,"y":796,"t":1595},{"x":508,"y":794,"t":1652},{"x":515,"y":785,"t":1726},{"x":535,"y":788,"t":1802},{"x":509,"y":782,"t":1887},{"x":524,"y":787,"t":1928},{"x":555,"y":805,"t":1985},{"x":569,"y":791,"t":2040},{"x":748,"y":713,"t":2122},{"x":1255,"y":743,"t":2203},{"x":1363,"y":716,"t":2278},{"x":1341,"y":682,"t":2382},{"x":1326,"y":677,"t":2441},{"x":1280,"y":687,"t":2481},{"x":1252,"y":733,"t":2567},{"x":1254,"y":751,"t":2611},{"x":1278,"y":765,"t":2666},{"x":1275,"y":697,"t":2767},{"x":1280,"y":692,"t":2826},{"x":1211,"y":382,"t":2906},{"x":970,"y":184,"t":2946},{"x":856,"y":164,"t":3002},{"x":700,"y":161,"t":3060},{"x":758,"y":175,"t":3145},{"x":808,"y":222,"t":3229},{"x":886,"y":183,"t":3312},{"x":953,"y":135,"t":3395},{"x":1028,"y":182,"t":3470},{"x":936,"y":203,"t":3570},{"x":910,"y":214,"t":3631},{"x":820,"y":282,"t":3697},{"x":861,"y":336,"t":3741},{"x":963,"y":400,"t":3809},{"x":1053,"y":343,"t":3891},{"x":1286,"y":321,"t":3972},{"x":1188,"y":242,"t":4040},{"x":1103,"y":241,"t":4062},{"x":913,"y":196,"t":4155},{"x":921,"y":222,"t":4235},{"x":1167,"y":476,"t":4316},{"x":1238,"y":554,"t":4359},{"x":1366,"y":686,"t":4409},{"x":1372,"y":731,"t":4502},{"x":1370,"y":712,"t":4582},{"x":1318,"y":684,"t":4662},{"x":1262,"y":657,"t":4742},{"x":1284,"y":652,"t":4823},{"x":1343,"y":659,"t":4892},{"x":1350,"y":669,"t":4912},{"x":1342,"y":692,"t":5016},{"x":1315,"y":695,"t":5095},{"x":1365,"y":697,"t":5162},{"x":1344,"y":692,"t":5183},{"x":1033,"y":343,"t":5278},{"x":765,"y":168,"t":5359},{"x":709,"y":156,"t":5440},{"x":782,"y":220,"t":5521},{"x":802,"y":249,"t":5603},{"x":885,"y":235,"t":5687},{"x":947,"y":229,"t":5771},{"x":962,"y":201,"t":5857},{"x":1010,"y":203,"t":5944},{"x":1000,"y":222,"t":6018},{"x":931,"y":207,"t":6119},{"x":854,"y":231,"t":6205},{"x":836,"y":243,"t":6265},{"x":761,"y":266,"t":6328},{"x":878,"y":351,"t":6398},{"x":959,"y":415,"t":6461},{"x":1306,"y":537,"t":6530},{"x":1530,"y":670,"t":6611},{"x":1428,"y":724,"t":6693},{"x":1388,"y":673,"t":6762},{"x":1369,"y":671,"t":6784},{"x":1297,"y":677,"t":6878},{"x":1306,"y":675,"t":6961},{"x":1327,"y":703,"t":7042},{"x":1336,"y":702,"t":7125},{"x":1335,"y":670,"t":7207},{"x":1213,"y":519,"t":7288},{"x":771,"y":246,"t":7373},{"x":782,"y":192,"t":7445},{"x":740,"y":324,"t":7544},{"x":721,"y":350,"t":7606},{"x":618,"y":448,"t":7685},{"x":651,"y":510,"t":7769},{"x":775,"y":543,"t":7809},{"x":840,"y":554,"t":7867},{"x":870,"y":470,"t":7921},{"x":831,"y":327,"t":8004},{"x":896,"y":194,"t":8089}],"webgazer_targets":{"#upper_state":{"x":729,"y":87.796875,"width":252,"height":252,"top":87.796875,"right":981,"bottom":339.796875,"left":729},"#lower_left_state":{"x":216,"y":729.1953125,"width":252,"height":252,"top":729.1953125,"right":468,"bottom":981.1953125,"left":216},"#lower_right_state":{"x":1242,"y":729.1953125,"width":252,"height":252,"top":729.1953125,"right":1494,"bottom":981.1953125,"left":1242}},"browser_name":"Chrome","browser_type":"130.0","subject":"cg_u1hzly9","interaction":"[{\"event\":\"fullscreenenter\",\"trial\":2,\"time\":1814},{\"event\":\"fullscreenexit\",\"trial\":30,\"time\":160168},{\"event\":\"blur\",\"trial\":31,\"time\":162244},{\"event\":\"focus\",\"trial\":31,\"time\":162415}]","windowWidth":1710,"windowHight":1107},{"rt":null,"stimulus":"<span id=\"calibration_dot_instruction\"></span>","response":null,"trial_type":"html-keyboard-response","trial_index":25,"time_elapsed":135228,"internal_node_id":"0.0-15.0-0.0","webgazer_data":[{"x":690,"y":137,"t":-23},{"x":697,"y":137,"t":0},{"x":686,"y":203,"t":101},{"x":802,"y":389,"t":186},{"x":963,"y":498,"t":273},{"x":1027,"y":502,"t":362},{"x":935,"y":535,"t":449}],"webgazer_targets":{"#calibration_dot_instruction":{"x":829,"y":504.6015625,"width":52,"height":52,"top":504.6015625,"right":881,"bottom":556.6015625,"left":829}},"browser_name":"Chrome","browser_type":"130.0","subject":"cg_u1hzly9","interaction":"[{\"event\":\"fullscreenenter\",\"trial\":2,\"time\":1814},{\"event\":\"fullscreenexit\",\"trial\":30,\"time\":160168},{\"event\":\"blur\",\"trial\":31,\"time\":162244},{\"event\":\"focus\",\"trial\":31,\"time\":162415}]","windowWidth":1710,"windowHight":1107},{"rt":9886,"stimulus":["50 days","$100","Now","$10"],"response":"f","trial_type":"binary-two-states","trial_index":26,"time_elapsed":146181,"internal_node_id":"0.0-15.0-1.0","webgazer_data":[{"x":875,"y":540,"t":-4},{"x":850,"y":540,"t":0},{"x":841,"y":515,"t":102},{"x":874,"y":594,"t":185},{"x":874,"y":549,"t":267},{"x":871,"y":561,"t":335},{"x":880,"y":574,"t":357},{"x":829,"y":545,"t":451},{"x":701,"y":342,"t":533},{"x":444,"y":188,"t":613},{"x":359,"y":223,"t":694},{"x":360,"y":244,"t":776},{"x":446,"y":301,"t":843},{"x":447,"y":302,"t":916},{"x":425,"y":282,"t":979},{"x":336,"y":238,"t":1045},{"x":347,"y":356,"t":1126},{"x":566,"y":477,"t":1206},{"x":682,"y":662,"t":1291},{"x":664,"y":806,"t":1375},{"x":543,"y":809,"t":1459},{"x":492,"y":820,"t":1502},{"x":313,"y":838,"t":1555},{"x":329,"y":844,"t":1651},{"x":410,"y":825,"t":1741},{"x":527,"y":863,"t":1824},{"x":578,"y":850,"t":1909},{"x":507,"y":763,"t":1995},{"x":434,"y":525,"t":2080},{"x":327,"y":287,"t":2165},{"x":309,"y":205,"t":2249},{"x":369,"y":202,"t":2332},{"x":472,"y":156,"t":2415},{"x":474,"y":210,"t":2501},{"x":435,"y":264,"t":2587},{"x":429,"y":236,"t":2674},{"x":479,"y":221,"t":2760},{"x":787,"y":239,"t":2846},{"x":1227,"y":103,"t":2933},{"x":1382,"y":-4,"t":3021},{"x":1362,"y":-29,"t":3094},{"x":1206,"y":-23,"t":3197},{"x":1197,"y":21,"t":3261},{"x":1245,"y":123,"t":3305},{"x":1231,"y":190,"t":3395},{"x":1217,"y":198,"t":3440},{"x":1186,"y":197,"t":3498},{"x":1160,"y":196,"t":3559},{"x":1152,"y":197,"t":3633},{"x":1129,"y":192,"t":3669},{"x":1117,"y":190,"t":3732},{"x":1029,"y":315,"t":3805},{"x":312,"y":153,"t":3841},{"x":171,"y":149,"t":3931},{"x":244,"y":152,"t":3998},{"x":338,"y":215,"t":4079},{"x":461,"y":248,"t":4159},{"x":545,"y":303,"t":4246},{"x":509,"y":265,"t":4313},{"x":533,"y":250,"t":4332},{"x":566,"y":216,"t":4426},{"x":461,"y":242,"t":4507},{"x":522,"y":243,"t":4588},{"x":586,"y":199,"t":4632},{"x":830,"y":177,"t":4681},{"x":1138,"y":221,"t":4775},{"x":1257,"y":99,"t":4857},{"x":1277,"y":141,"t":4925},{"x":1271,"y":149,"t":4944},{"x":1278,"y":155,"t":5016},{"x":1246,"y":165,"t":5079},{"x":1212,"y":226,"t":5149},{"x":1225,"y":401,"t":5232},{"x":1137,"y":834,"t":5301},{"x":1150,"y":875,"t":5323},{"x":1125,"y":953,"t":5419},{"x":831,"y":954,"t":5501},{"x":435,"y":873,"t":5583},{"x":284,"y":880,"t":5664},{"x":343,"y":838,"t":5745},{"x":351,"y":834,"t":5831},{"x":382,"y":883,"t":5916},{"x":447,"y":921,"t":6001},{"x":451,"y":912,"t":6088},{"x":475,"y":901,"t":6175},{"x":329,"y":845,"t":6261},{"x":324,"y":827,"t":6350},{"x":507,"y":856,"t":6439},{"x":510,"y":895,"t":6523},{"x":663,"y":840,"t":6594},{"x":708,"y":841,"t":6615},{"x":646,"y":902,"t":6710},{"x":779,"y":874,"t":6792},{"x":1065,"y":813,"t":6875},{"x":1146,"y":820,"t":6964},{"x":1112,"y":833,"t":7032},{"x":1122,"y":830,"t":7054},{"x":1131,"y":814,"t":7149},{"x":1095,"y":794,"t":7230},{"x":1057,"y":794,"t":7312},{"x":1062,"y":808,"t":7394},{"x":1029,"y":822,"t":7475},{"x":1004,"y":835,"t":7546},{"x":1005,"y":843,"t":7566},{"x":919,"y":854,"t":7659},{"x":673,"y":933,"t":7740},{"x":484,"y":897,"t":7822},{"x":354,"y":917,"t":7908},{"x":377,"y":934,"t":7994},{"x":449,"y":960,"t":8081},{"x":503,"y":964,"t":8168},{"x":471,"y":970,"t":8257},{"x":482,"y":1015,"t":8328},{"x":523,"y":979,"t":8348},{"x":762,"y":905,"t":8441},{"x":1162,"y":874,"t":8523},{"x":1471,"y":926,"t":8604},{"x":1537,"y":857,"t":8690},{"x":1399,"y":776,"t":8776},{"x":1170,"y":677,"t":8861},{"x":1011,"y":594,"t":8946},{"x":1153,"y":714,"t":9034},{"x":783,"y":759,"t":9123},{"x":540,"y":486,"t":9208},{"x":328,"y":183,"t":9280},{"x":329,"y":161,"t":9301},{"x":373,"y":156,"t":9394},{"x":425,"y":212,"t":9476},{"x":586,"y":352,"t":9556},{"x":648,"y":363,"t":9647},{"x":777,"y":372,"t":9728},{"x":706,"y":341,"t":9814},{"x":367,"y":296,"t":9900},{"x":362,"y":298,"t":9957},{"x":406,"y":261,"t":9997},{"x":462,"y":232,"t":10090},{"x":408,"y":191,"t":10135},{"x":403,"y":264,"t":10205},{"x":409,"y":268,"t":10289},{"x":413,"y":256,"t":10375},{"x":305,"y":213,"t":10461},{"x":299,"y":271,"t":10547},{"x":311,"y":302,"t":10635},{"x":306,"y":236,"t":10723},{"x":318,"y":187,"t":10808},{"x":378,"y":172,"t":10878}],"webgazer_targets":{"#upperleft-div":{"x":171,"y":197.765625,"width":513,"height":28.796875,"top":197.765625,"right":684,"bottom":226.5625,"left":171},"#upperright-div":{"x":1026,"y":197.765625,"width":513,"height":28.796875,"top":197.765625,"right":1539,"bottom":226.5625,"left":1026},"#lowerleft-div":{"x":171,"y":900.0234375,"width":513,"height":28.796875,"top":900.0234375,"right":684,"bottom":928.8203125,"left":171},"#lowerright-div":{"x":1026,"y":900.0234375,"width":513,"height":28.796875,"top":900.0234375,"right":1539,"bottom":928.8203125,"left":1026}},"browser_name":"Chrome","browser_type":"130.0","subject":"cg_u1hzly9","interaction":"[{\"event\":\"fullscreenenter\",\"trial\":2,\"time\":1814},{\"event\":\"fullscreenexit\",\"trial\":30,\"time\":160168},{\"event\":\"blur\",\"trial\":31,\"time\":162244},{\"event\":\"focus\",\"trial\":31,\"time\":162415}]","windowWidth":1710,"windowHight":1107},{"rt":null,"stimulus":"<span id=\"calibration_dot_instruction\"></span>","response":null,"trial_type":"html-keyboard-response","trial_index":27,"time_elapsed":146724,"internal_node_id":"0.0-15.1-0.1","webgazer_data":[{"x":391,"y":172,"t":0},{"x":382,"y":214,"t":36},{"x":418,"y":189,"t":136},{"x":492,"y":182,"t":223},{"x":508,"y":218,"t":282},{"x":575,"y":342,"t":348},{"x":847,"y":498,"t":415}],"webgazer_targets":{"#calibration_dot_instruction":{"x":829,"y":504.6015625,"width":52,"height":52,"top":504.6015625,"right":881,"bottom":556.6015625,"left":829}},"browser_name":"Chrome","browser_type":"130.0","subject":"cg_u1hzly9","interaction":"[{\"event\":\"fullscreenenter\",\"trial\":2,\"time\":1814},{\"event\":\"fullscreenexit\",\"trial\":30,\"time\":160168},{\"event\":\"blur\",\"trial\":31,\"time\":162244},{\"event\":\"focus\",\"trial\":31,\"time\":162415}]","windowWidth":1710,"windowHight":1107},{"rt":11294,"stimulus":["50%","$100","80%","$10"],"response":"f","trial_type":"binary-two-states","trial_index":28,"time_elapsed":159060,"internal_node_id":"0.0-15.1-1.1","webgazer_data":[{"x":961,"y":674,"t":-43},{"x":954,"y":695,"t":0},{"x":836,"y":643,"t":55},{"x":838,"y":584,"t":152},{"x":871,"y":577,"t":235},{"x":943,"y":551,"t":305},{"x":843,"y":567,"t":408},{"x":764,"y":457,"t":469},{"x":467,"y":262,"t":537},{"x":292,"y":145,"t":611},{"x":254,"y":-18,"t":698},{"x":229,"y":126,"t":785},{"x":336,"y":242,"t":873},{"x":439,"y":218,"t":957},{"x":475,"y":183,"t":1045},{"x":346,"y":148,"t":1118},{"x":322,"y":159,"t":1139},{"x":267,"y":198,"t":1235},{"x":250,"y":221,"t":1318},{"x":386,"y":276,"t":1400},{"x":559,"y":838,"t":1482},{"x":409,"y":1083,"t":1563},{"x":470,"y":1166,"t":1648},{"x":469,"y":1130,"t":1734},{"x":541,"y":980,"t":1818},{"x":559,"y":917,"t":1904},{"x":529,"y":894,"t":1993},{"x":520,"y":902,"t":2078},{"x":445,"y":770,"t":2163},{"x":322,"y":432,"t":2249},{"x":382,"y":271,"t":2336},{"x":415,"y":225,"t":2425},{"x":379,"y":199,"t":2510},{"x":270,"y":214,"t":2582},{"x":266,"y":202,"t":2602},{"x":276,"y":175,"t":2697},{"x":309,"y":172,"t":2779},{"x":534,"y":210,"t":2861},{"x":1204,"y":211,"t":2947},{"x":1476,"y":150,"t":3033},{"x":1498,"y":148,"t":3121},{"x":1483,"y":271,"t":3210},{"x":1434,"y":267,"t":3292},{"x":1205,"y":185,"t":3362},{"x":1159,"y":187,"t":3383},{"x":1076,"y":183,"t":3476},{"x":1182,"y":190,"t":3558},{"x":1475,"y":271,"t":3646},{"x":1473,"y":584,"t":3728},{"x":1271,"y":851,"t":3810},{"x":1207,"y":805,"t":3897},{"x":1282,"y":836,"t":3982},{"x":1316,"y":885,"t":4067},{"x":1198,"y":853,"t":4154},{"x":1263,"y":789,"t":4243},{"x":1273,"y":731,"t":4315},{"x":1247,"y":748,"t":4335},{"x":1186,"y":779,"t":4429},{"x":1201,"y":797,"t":4511},{"x":1201,"y":771,"t":4593},{"x":1228,"y":469,"t":4675},{"x":1249,"y":161,"t":4762},{"x":1288,"y":67,"t":4849},{"x":1302,"y":116,"t":4935},{"x":1301,"y":139,"t":5021},{"x":1163,"y":156,"t":5110},{"x":693,"y":160,"t":5195},{"x":389,"y":139,"t":5266},{"x":396,"y":157,"t":5287},{"x":358,"y":197,"t":5381},{"x":347,"y":272,"t":5462},{"x":464,"y":298,"t":5543},{"x":368,"y":233,"t":5629},{"x":414,"y":129,"t":5713},{"x":459,"y":302,"t":5798},{"x":395,"y":779,"t":5883},{"x":375,"y":951,"t":5967},{"x":377,"y":982,"t":6053},{"x":377,"y":893,"t":6142},{"x":382,"y":865,"t":6230},{"x":388,"y":814,"t":6315},{"x":434,"y":809,"t":6411},{"x":520,"y":801,"t":6493},{"x":494,"y":820,"t":6581},{"x":429,"y":841,"t":6667},{"x":595,"y":830,"t":6754},{"x":802,"y":657,"t":6843},{"x":706,"y":665,"t":6924},{"x":587,"y":710,"t":7009},{"x":395,"y":641,"t":7095},{"x":496,"y":284,"t":7180},{"x":513,"y":112,"t":7266},{"x":486,"y":100,"t":7352},{"x":387,"y":185,"t":7442},{"x":375,"y":201,"t":7513},{"x":452,"y":229,"t":7610},{"x":462,"y":221,"t":7671},{"x":499,"y":205,"t":7734},{"x":500,"y":213,"t":7801},{"x":461,"y":310,"t":7882},{"x":402,"y":284,"t":7948},{"x":376,"y":271,"t":8021},{"x":438,"y":232,"t":8056},{"x":442,"y":225,"t":8101},{"x":581,"y":274,"t":8152},{"x":703,"y":451,"t":8232},{"x":435,"y":464,"t":8311},{"x":398,"y":363,"t":8394},{"x":468,"y":265,"t":8464},{"x":479,"y":218,"t":8484},{"x":484,"y":112,"t":8579},{"x":436,"y":100,"t":8660},{"x":452,"y":144,"t":8742},{"x":338,"y":223,"t":8827},{"x":388,"y":262,"t":8913},{"x":450,"y":259,"t":9000},{"x":468,"y":256,"t":9088},{"x":511,"y":236,"t":9181},{"x":548,"y":221,"t":9261},{"x":527,"y":137,"t":9344},{"x":468,"y":136,"t":9415},{"x":470,"y":144,"t":9434},{"x":469,"y":168,"t":9529},{"x":456,"y":177,"t":9611},{"x":524,"y":234,"t":9691},{"x":648,"y":369,"t":9776},{"x":807,"y":614,"t":9862},{"x":632,"y":757,"t":9949},{"x":403,"y":871,"t":10038},{"x":408,"y":878,"t":10128},{"x":536,"y":892,"t":10198},{"x":516,"y":847,"t":10297},{"x":489,"y":831,"t":10357},{"x":421,"y":806,"t":10421},{"x":419,"y":865,"t":10490},{"x":408,"y":889,"t":10570},{"x":428,"y":906,"t":10637},{"x":441,"y":886,"t":10657},{"x":358,"y":960,"t":10752},{"x":356,"y":964,"t":10831},{"x":493,"y":923,"t":10911},{"x":583,"y":905,"t":10978},{"x":743,"y":793,"t":10998},{"x":1266,"y":553,"t":11091},{"x":1424,"y":385,"t":11171},{"x":1362,"y":223,"t":11251},{"x":1343,"y":194,"t":11320},{"x":1026,"y":-14,"t":11340},{"x":563,"y":157,"t":11433},{"x":388,"y":227,"t":11513},{"x":362,"y":226,"t":11593},{"x":425,"y":256,"t":11676},{"x":466,"y":275,"t":11759},{"x":612,"y":274,"t":11841},{"x":541,"y":260,"t":11937},{"x":589,"y":258,"t":11996},{"x":977,"y":267,"t":12032},{"x":1274,"y":298,"t":12090},{"x":1346,"y":313,"t":12162},{"x":1472,"y":403,"t":12224}],"webgazer_targets":{"#upperleft-div":{"x":171,"y":197.765625,"width":513,"height":28.796875,"top":197.765625,"right":684,"bottom":226.5625,"left":171},"#upperright-div":{"x":1026,"y":197.765625,"width":513,"height":28.796875,"top":197.765625,"right":1539,"bottom":226.5625,"left":1026},"#lowerleft-div":{"x":171,"y":900.0234375,"width":513,"height":28.796875,"top":900.0234375,"right":684,"bottom":928.8203125,"left":171},"#lowerright-div":{"x":1026,"y":900.0234375,"width":513,"height":28.796875,"top":900.0234375,"right":1539,"bottom":928.8203125,"left":1026}},"browser_name":"Chrome","browser_type":"130.0","subject":"cg_u1hzly9","interaction":"[{\"event\":\"fullscreenenter\",\"trial\":2,\"time\":1814},{\"event\":\"fullscreenexit\",\"trial\":30,\"time\":160168},{\"event\":\"blur\",\"trial\":31,\"time\":162244},{\"event\":\"focus\",\"trial\":31,\"time\":162415}]","windowWidth":1710,"windowHight":1107},{"rt":1018,"stimulus":"<div>\n  Congratulations! You have completed the study. </br>\n  </br></br>\n  Press the <b>SPACE BAR</b> to end the experiment.</br>\n  </div>","response":" ","trial_type":"html-keyboard-response","trial_index":29,"time_elapsed":160078,"internal_node_id":"0.0-16.0","browser_name":"Chrome","browser_type":"130.0","subject":"cg_u1hzly9","interaction":"[{\"event\":\"fullscreenenter\",\"trial\":2,\"time\":1814},{\"event\":\"fullscreenexit\",\"trial\":30,\"time\":160168},{\"event\":\"blur\",\"trial\":31,\"time\":162244},{\"event\":\"focus\",\"trial\":31,\"time\":162415}]","windowWidth":1710,"windowHight":1107},{"success":true,"rt":null,"trial_type":"fullscreen","trial_index":30,"time_elapsed":161094,"internal_node_id":"0.0-17.0","browser_name":"Chrome","browser_type":"130.0","subject":"cg_u1hzly9","interaction":"[{\"event\":\"fullscreenenter\",\"trial\":2,\"time\":1814},{\"event\":\"fullscreenexit\",\"trial\":30,\"time\":160168},{\"event\":\"blur\",\"trial\":31,\"time\":162244},{\"event\":\"focus\",\"trial\":31,\"time\":162415}]","windowWidth":1710,"windowHight":1107}]